﻿{"cameraMode":{"drawMode":0,"name":"Shaded","section":"Shading Mode"},"sceneLighting":true,"audioPlay":false,"sceneViewState":{"showFog":true,"showMaterialUpdate":true,"showSkybox":true,"showFlares":true,"showImageEffects":true,"showParticleSystems":true},"in2DMode":false,"pivot":{"x":-0.6722487211227417,"y":1.0959973335266114,"z":-0.9543415307998657},"rotation":{"x":-0.10506117343902588,"y":0.879158079624176,"z":-0.22805744409561158,"w":-0.4050099849700928},"size":21.853404998779298,"orthographic":false}